{
  "n_states": 6,
  "n_features": 6,
  "pi": [
    0.16666666666666666,
    0.16666666666666666,
    0.16666666666666666,
    0.16666666666666666,
    0.16666666666666666,
    0.16666666666666666
  ],
  "A": [
    [
      0.16666666666666666,
      0.16666666666666666,
      0.16666666666666666,
      0.16666666666666666,
      0.16666666666666666,
      0.16666666666666666
    ],
    [
      0.16666666666666666,
      0.16666666666666666,
      0.16666666666666666,
      0.16666666666666666,
      0.16666666666666666,
      0.16666666666666666
    ],
    [
      0.16666666666666666,
      0.16666666666666666,
      0.16666666666666666,
      0.16666666666666666,
      0.16666666666666666,
      0.16666666666666666
    ],
    [
      0.16666666666666666,
      0.16666666666666666,
      0.16666666666666666,
      0.16666666666666666,
      0.16666666666666666,
      0.16666666666666666
    ],
    [
      0.16666666666666666,
      0.16666666666666666,
      0.16666666666666666,
      0.16666666666666666,
      0.16666666666666666,
      0.16666666666666666
    ],
    [
      0.16666666666666666,
      0.16666666666666666,
      0.16666666666666666,
      0.16666666666666666,
      0.16666666666666666,
      0.16666666666666666
    ]
  ],
  "means": [
    [
      -0.006515806275604337,
      0.8057079254291782,
      27.364149258988462,
      50.19919340919712,
      0.8000000000000165,
      1.015014292564003
    ],
    [
      -0.006515806275604337,
      0.8057079254291782,
      27.364149258988462,
      50.19919340919712,
      0.8000000000000165,
      1.015014292564003
    ],
    [
      -0.006515806275604337,
      0.8057079254291782,
      27.364149258988462,
      50.19919340919712,
      0.8000000000000165,
      1.015014292564003
    ],
    [
      -0.006515806275604337,
      0.8057079254291782,
      27.364149258988462,
      50.19919340919712,
      0.8000000000000165,
      1.015014292564003
    ],
    [
      -0.006515806275604337,
      0.8057079254291782,
      27.364149258988462,
      50.19919340919712,
      0.8000000000000165,
      1.015014292564003
    ],
    [
      -0.006515806275604337,
      0.8057079254291782,
      27.364149258988462,
      50.19919340919712,
      0.8000000000000165,
      1.015014292564003
    ]
  ],
  "covars": [
    [
      [
        0.7809656810001478,
        0.0006504909115314403,
        -0.062130576394299766,
        3.7478783392855037,
        -6.63079396832139e-31,
        -0.0555768424046336
      ],
      [
        0.0006504909115314422,
        0.1100418999794144,
        0.8971551633109789,
        -0.6986790087551796,
        -1.5922630252877025e-29,
        -0.000982615569306423
      ],
      [
        -0.06213057639429978,
        0.8971551633109789,
        137.63357155020893,
        -7.37093353271149,
        -2.3860388611270183e-28,
        -0.18126040179951922
      ],
      [
        3.747878339285503,
        -0.6986790087551796,
        -7.370933532711486,
        147.85989481112944,
        -1.0676276267309894e-27,
        -0.3448190020572537
      ],
      [
        -6.45629939020767e-31,
        -1.5922630252877025e-29,
        -2.3637908024175187e-28,
        -1.0693027746808811e-27,
        0.001,
        -3.950557248494639e-29
      ],
      [
        -0.055576842404633585,
        -0.0009826155693064235,
        -0.18126040179951905,
        -0.3448190020572537,
        -3.952302194275776e-29,
        0.45679955458553806
      ]
    ],
    [
      [
        0.7809656810001478,
        0.0006504909115314403,
        -0.062130576394299766,
        3.7478783392855037,
        -6.63079396832139e-31,
        -0.0555768424046336
      ],
      [
        0.0006504909115314422,
        0.1100418999794144,
        0.8971551633109789,
        -0.6986790087551796,
        -1.5922630252877025e-29,
        -0.000982615569306423
      ],
      [
        -0.06213057639429978,
        0.8971551633109789,
        137.63357155020893,
        -7.37093353271149,
        -2.3860388611270183e-28,
        -0.18126040179951922
      ],
      [
        3.747878339285503,
        -0.6986790087551796,
        -7.370933532711486,
        147.85989481112944,
        -1.0676276267309894e-27,
        -0.3448190020572537
      ],
      [
        -6.45629939020767e-31,
        -1.5922630252877025e-29,
        -2.3637908024175187e-28,
        -1.0693027746808811e-27,
        0.001,
        -3.950557248494639e-29
      ],
      [
        -0.055576842404633585,
        -0.0009826155693064235,
        -0.18126040179951905,
        -0.3448190020572537,
        -3.952302194275776e-29,
        0.45679955458553806
      ]
    ],
    [
      [
        0.7809656810001478,
        0.0006504909115314403,
        -0.062130576394299766,
        3.7478783392855037,
        -6.63079396832139e-31,
        -0.0555768424046336
      ],
      [
        0.0006504909115314422,
        0.1100418999794144,
        0.8971551633109789,
        -0.6986790087551796,
        -1.5922630252877025e-29,
        -0.000982615569306423
      ],
      [
        -0.06213057639429978,
        0.8971551633109789,
        137.63357155020893,
        -7.37093353271149,
        -2.3860388611270183e-28,
        -0.18126040179951922
      ],
      [
        3.747878339285503,
        -0.6986790087551796,
        -7.370933532711486,
        147.85989481112944,
        -1.0676276267309894e-27,
        -0.3448190020572537
      ],
      [
        -6.45629939020767e-31,
        -1.5922630252877025e-29,
        -2.3637908024175187e-28,
        -1.0693027746808811e-27,
        0.001,
        -3.950557248494639e-29
      ],
      [
        -0.055576842404633585,
        -0.0009826155693064235,
        -0.18126040179951905,
        -0.3448190020572537,
        -3.952302194275776e-29,
        0.45679955458553806
      ]
    ],
    [
      [
        0.7809656810001478,
        0.0006504909115314403,
        -0.062130576394299766,
        3.7478783392855037,
        -6.63079396832139e-31,
        -0.0555768424046336
      ],
      [
        0.0006504909115314422,
        0.1100418999794144,
        0.8971551633109789,
        -0.6986790087551796,
        -1.5922630252877025e-29,
        -0.000982615569306423
      ],
      [
        -0.06213057639429978,
        0.8971551633109789,
        137.63357155020893,
        -7.37093353271149,
        -2.3860388611270183e-28,
        -0.18126040179951922
      ],
      [
        3.747878339285503,
        -0.6986790087551796,
        -7.370933532711486,
        147.85989481112944,
        -1.0676276267309894e-27,
        -0.3448190020572537
      ],
      [
        -6.45629939020767e-31,
        -1.5922630252877025e-29,
        -2.3637908024175187e-28,
        -1.0693027746808811e-27,
        0.001,
        -3.950557248494639e-29
      ],
      [
        -0.055576842404633585,
        -0.0009826155693064235,
        -0.18126040179951905,
        -0.3448190020572537,
        -3.952302194275776e-29,
        0.45679955458553806
      ]
    ],
    [
      [
        0.7809656810001478,
        0.0006504909115314403,
        -0.062130576394299766,
        3.7478783392855037,
        -6.63079396832139e-31,
        -0.0555768424046336
      ],
      [
        0.0006504909115314422,
        0.1100418999794144,
        0.8971551633109789,
        -0.6986790087551796,
        -1.5922630252877025e-29,
        -0.000982615569306423
      ],
      [
        -0.06213057639429978,
        0.8971551633109789,
        137.63357155020893,
        -7.37093353271149,
        -2.3860388611270183e-28,
        -0.18126040179951922
      ],
      [
        3.747878339285503,
        -0.6986790087551796,
        -7.370933532711486,
        147.85989481112944,
        -1.0676276267309894e-27,
        -0.3448190020572537
      ],
      [
        -6.45629939020767e-31,
        -1.5922630252877025e-29,
        -2.3637908024175187e-28,
        -1.0693027746808811e-27,
        0.001,
        -3.950557248494639e-29
      ],
      [
